country,population,total,one_shot,two_shots,three_shots,date,month,year,one_shot_perc,two_shots_perc,three_shots_perc
Brazil,215313504,,,,,2021-01-01,2021-01,2021,,,
Brazil,215313504,,,,,2021-01-02,2021-01,2021,,,
Brazil,215313504,,,,,2021-01-03,2021-01,2021,,,
Brazil,215313504,,,,,2021-01-04,2021-01,2021,,,
Brazil,215313504,,,,,2021-01-05,2021-01,2021,,,
Brazil,215313504,,,,,2021-01-06,2021-01,2021,,,
Brazil,215313504,,,,,2021-01-07,2021-01,2021,,,
Brazil,215313504,,,,,2021-01-08,2021-01,2021,,,
Brazil,215313504,,,,,2021-01-09,2021-01,2021,,,
Brazil,215313504,,,,,2021-01-10,2021-01,2021,,,
Brazil,215313504,,,,,2021-01-11,2021-01,2021,,,
Brazil,215313504,,,,,2021-01-12,2021-01,2021,,,
Brazil,215313504,,,,,2021-01-13,2021-01,2021,,,
Brazil,215313504,,,,,2021-01-14,2021-01,2021,,,
Brazil,215313504,,,,,2021-01-15,2021-01,2021,,,
Brazil,215313504,,,,,2021-01-16,2021-01,2021,,,
Brazil,215313504,112,112,,,2021-01-17,2021-01,2021,0.0,,
Brazil,215313504,1109,1109,,,2021-01-18,2021-01,2021,0.0,,
Brazil,215313504,13527,13527,,,2021-01-19,2021-01,2021,0.0,,
Brazil,215313504,105824,105824,,,2021-01-20,2021-01,2021,0.0,,
Brazil,215313504,193699,193699,,,2021-01-21,2021-01,2021,0.0,,
Brazil,215313504,462269,462269,,,2021-01-22,2021-01,2021,0.0,,
Brazil,215313504,573268,573268,,,2021-01-23,2021-01,2021,0.0,,
Brazil,215313504,613954,613954,,,2021-01-24,2021-01,2021,0.0,,
Brazil,215313504,801759,801759,,,2021-01-25,2021-01,2021,0.0,,
Brazil,215313504,1045746,1045746,,,2021-01-26,2021-01,2021,0.0,,
Brazil,215313504,1327546,1327546,,,2021-01-27,2021-01,2021,0.01,,
Brazil,215313504,1563098,1563098,,,2021-01-28,2021-01,2021,0.01,,
Brazil,215313504,1923813,1923813,,,2021-01-29,2021-01,2021,0.01,,
Brazil,215313504,2046523,2046523,,,2021-01-30,2021-01,2021,0.01,,
Brazil,215313504,2084119,2084119,,,2021-01-31,2021-01,2021,0.01,,
Brazil,215313504,2292551,2292551,,,2021-02-01,2021-02,2021,0.01,,
Brazil,215313504,2521704,2521704,,,2021-02-02,2021-02,2021,0.01,,
Brazil,215313504,2802134,2802134,,,2021-02-03,2021-02,2021,0.01,,
Brazil,215313504,3074906,3074906,,,2021-02-04,2021-02,2021,0.01,,
Brazil,215313504,3401383,3399421,1962,,2021-02-05,2021-02,2021,0.02,0.0,
Brazil,215313504,3553681,3534004,19677,,2021-02-06,2021-02,2021,0.02,0.0,
Brazil,215313504,3605538,3579850,25688,,2021-02-07,2021-02,2021,0.02,0.0,
Brazil,215313504,3820207,3786591,33616,,2021-02-08,2021-02,2021,0.02,0.0,
Brazil,215313504,4120332,4069677,50655,,2021-02-09,2021-02,2021,0.02,0.0,
Brazil,215313504,4406835,4326075,80760,,2021-02-10,2021-02,2021,0.02,0.0,
Brazil,215313504,4696136,4586270,109866,,2021-02-11,2021-02,2021,0.02,0.0,
Brazil,215313504,5125206,4946738,178468,,2021-02-12,2021-02,2021,0.02,0.0,
Brazil,215313504,5236943,5042713,194230,,2021-02-13,2021-02,2021,0.02,0.0,
Brazil,215313504,5293979,5076110,217869,,2021-02-14,2021-02,2021,0.02,0.0,
Brazil,215313504,5609937,5324317,285620,,2021-02-15,2021-02,2021,0.02,0.0,
Brazil,215313504,5883539,5326007,557532,,2021-02-16,2021-02,2021,0.02,0.0,
Brazil,215313504,6206680,5482925,723755,,2021-02-17,2021-02,2021,0.03,0.0,
Brazil,215313504,6535156,5640483,894673,,2021-02-18,2021-02,2021,0.03,0.0,
Brazil,215313504,6813168,5756361,1056807,,2021-02-19,2021-02,2021,0.03,0.0,
Brazil,215313504,6950802,5817908,1132894,,2021-02-20,2021-02,2021,0.03,0.01,
Brazil,215313504,7028356,5857080,1171276,,2021-02-21,2021-02,2021,0.03,0.01,
Brazil,215313504,7297061,6002873,1294188,,2021-02-22,2021-02,2021,0.03,0.01,
Brazil,215313504,7551676,6116082,1435594,,2021-02-23,2021-02,2021,0.03,0.01,
Brazil,215313504,7799000,6202055,1596945,,2021-02-24,2021-02,2021,0.03,0.01,
Brazil,215313504,8101787,6346769,1755018,,2021-02-25,2021-02,2021,0.03,0.01,
Brazil,215313504,8322042,6437836,1884206,,2021-02-26,2021-02,2021,0.03,0.01,
Brazil,215313504,8433568,6518628,1914940,,2021-02-27,2021-02,2021,0.03,0.01,
Brazil,215313504,8465403,6542206,1923197,,2021-02-28,2021-02,2021,0.03,0.01,
Brazil,215313504,8841027,6806293,2034734,,2021-03-01,2021-03,2021,0.03,0.01,
Brazil,215313504,9277322,7114219,2163103,,2021-03-02,2021-03,2021,0.03,0.01,
Brazil,215313504,9739676,7417852,2321824,,2021-03-03,2021-03,2021,0.03,0.01,
Brazil,215313504,10169160,7701146,2468014,,2021-03-04,2021-03,2021,0.04,0.01,
Brazil,215313504,10576542,7958939,2617603,,2021-03-05,2021-03,2021,0.04,0.01,
Brazil,215313504,10830688,8142004,2688684,,2021-03-06,2021-03,2021,0.04,0.01,
Brazil,215313504,10948409,8227671,2720738,,2021-03-07,2021-03,2021,0.04,0.01,
Brazil,215313504,11357494,8504966,2852528,,2021-03-08,2021-03,2021,0.04,0.01,
Brazil,215313504,11756131,8764547,2991584,,2021-03-09,2021-03,2021,0.04,0.01,
Brazil,215313504,12181103,9013293,3167810,,2021-03-10,2021-03,2021,0.04,0.01,
Brazil,215313504,12613179,9298511,3314668,,2021-03-11,2021-03,2021,0.04,0.02,
Brazil,215313504,13017720,9547655,3470065,,2021-03-12,2021-03,2021,0.04,0.02,
Brazil,215313504,13223729,9669967,3553762,,2021-03-13,2021-03,2021,0.04,0.02,
Brazil,215313504,13286664,9718209,3568455,,2021-03-14,2021-03,2021,0.05,0.02,
Brazil,215313504,13763573,10087787,3675786,,2021-03-15,2021-03,2021,0.05,0.02,
Brazil,215313504,14198794,10402388,3796406,,2021-03-16,2021-03,2021,0.05,0.02,
Brazil,215313504,14648691,10725474,3923217,,2021-03-17,2021-03,2021,0.05,0.02,
Brazil,215313504,15087602,11055747,4031855,,2021-03-18,2021-03,2021,0.05,0.02,
Brazil,215313504,15623349,11509501,4113848,,2021-03-19,2021-03,2021,0.05,0.02,
Brazil,215313504,15883688,11739832,4143856,,2021-03-20,2021-03,2021,0.05,0.02,
Brazil,215313504,15980363,11818482,4161881,,2021-03-21,2021-03,2021,0.05,0.02,
Brazil,215313504,16567102,12314847,4252255,,2021-03-22,2021-03,2021,0.06,0.02,
Brazil,215313504,17157631,12817812,4339819,,2021-03-23,2021-03,2021,0.06,0.02,
Brazil,215313504,17886781,13436373,4450408,,2021-03-24,2021-03,2021,0.06,0.02,
Brazil,215313504,18655345,14102934,4552411,,2021-03-25,2021-03,2021,0.07,0.02,
Brazil,215313504,19577786,14928869,4648917,,2021-03-26,2021-03,2021,0.07,0.02,
Brazil,215313504,19962072,15282128,4679944,,2021-03-27,2021-03,2021,0.07,0.02,
Brazil,215313504,20216938,15513974,4702964,,2021-03-28,2021-03,2021,0.07,0.02,
Brazil,215313504,21160763,16335279,4825484,,2021-03-29,2021-03,2021,0.08,0.02,
Brazil,215313504,21950245,16995184,4955061,,2021-03-30,2021-03,2021,0.08,0.02,
Brazil,215313504,22839287,17745732,5093555,,2021-03-31,2021-03,2021,0.08,0.02,
Brazil,215313504,23880805,18639028,5241777,,2021-04-01,2021-04,2021,0.09,0.02,
Brazil,215313504,24181208,18900837,5280371,,2021-04-02,2021-04,2021,0.09,0.02,
Brazil,215313504,24575470,19222342,5353128,,2021-04-03,2021-04,2021,0.09,0.02,
Brazil,215313504,24910668,19510333,5400335,,2021-04-04,2021-04,2021,0.09,0.03,
Brazil,215313504,25658532,20056296,5602236,,2021-04-05,2021-04,2021,0.09,0.03,
Brazil,215313504,26736003,20850120,5885883,,2021-04-06,2021-04,2021,0.1,0.03,
Brazil,215313504,27644079,21538484,6105595,,2021-04-07,2021-04,2021,0.1,0.03,
Brazil,215313504,28653848,22246612,6407236,,2021-04-08,2021-04,2021,0.1,0.03,
Brazil,215313504,29544578,22693305,6851273,,2021-04-09,2021-04,2021,0.11,0.03,
Brazil,215313504,30084664,23097172,6987492,,2021-04-10,2021-04,2021,0.11,0.03,
Brazil,215313504,30356896,23300896,7056000,,2021-04-11,2021-04,2021,0.11,0.03,
Brazil,215313504,31316420,23910515,7405905,,2021-04-12,2021-04,2021,0.11,0.03,
Brazil,215313504,32217205,24473138,7744067,,2021-04-13,2021-04,2021,0.11,0.04,
Brazil,215313504,33148388,24996380,8152008,,2021-04-14,2021-04,2021,0.12,0.04,
Brazil,215313504,34050325,25478194,8572131,,2021-04-15,2021-04,2021,0.12,0.04,
Brazil,215313504,34993448,25810304,9183144,,2021-04-16,2021-04,2021,0.12,0.04,
Brazil,215313504,35603882,26085155,9518727,,2021-04-17,2021-04,2021,0.12,0.04,
Brazil,215313504,35817144,26210282,9606862,,2021-04-18,2021-04,2021,0.12,0.04,
Brazil,215313504,36910479,26707227,10203252,,2021-04-19,2021-04,2021,0.12,0.05,
Brazil,215313504,37909705,27184073,10725632,,2021-04-20,2021-04,2021,0.13,0.05,
Brazil,215313504,38467754,27518053,10949701,,2021-04-21,2021-04,2021,0.13,0.05,
Brazil,215313504,39291064,27887014,11404050,,2021-04-22,2021-04,2021,0.13,0.05,
Brazil,215313504,41073104,28783905,12289199,,2021-04-23,2021-04,2021,0.13,0.06,
Brazil,215313504,41494939,28981002,12513937,,2021-04-24,2021-04,2021,0.13,0.06,
Brazil,215313504,41626753,29041497,12585256,,2021-04-25,2021-04,2021,0.13,0.06,
Brazil,215313504,42787199,29601947,13185252,,2021-04-26,2021-04,2021,0.14,0.06,
Brazil,215313504,44287510,30275923,14011587,,2021-04-27,2021-04,2021,0.14,0.07,
Brazil,215313504,45379804,30748674,14631130,,2021-04-28,2021-04,2021,0.14,0.07,
Brazil,215313504,46426188,31243694,15182494,,2021-04-29,2021-04,2021,0.15,0.07,
Brazil,215313504,47399150,31696792,15702358,,2021-04-30,2021-04,2021,0.15,0.07,
Brazil,215313504,47663526,31830880,15832646,,2021-05-01,2021-05,2021,0.15,0.07,
Brazil,215313504,47755613,31884404,15871209,,2021-05-02,2021-05,2021,0.15,0.07,
Brazil,215313504,48643324,32345310,16298014,,2021-05-03,2021-05,2021,0.15,0.08,
Brazil,215313504,49626137,32896171,16729966,,2021-05-04,2021-05,2021,0.15,0.08,
Brazil,215313504,50576224,33490395,17085829,,2021-05-05,2021-05,2021,0.16,0.08,
Brazil,215313504,51624587,34271192,17353395,,2021-05-06,2021-05,2021,0.16,0.08,
Brazil,215313504,52647815,35008550,17639265,,2021-05-07,2021-05,2021,0.16,0.08,
Brazil,215313504,52972460,35253389,17719071,,2021-05-08,2021-05,2021,0.16,0.08,
Brazil,215313504,53064124,35318058,17746066,,2021-05-09,2021-05,2021,0.16,0.08,
Brazil,215313504,54008862,35926219,18082643,,2021-05-10,2021-05,2021,0.17,0.08,
Brazil,215313504,54912939,36523507,18389432,,2021-05-11,2021-05,2021,0.17,0.09,
Brazil,215313504,55907165,37233983,18673182,,2021-05-12,2021-05,2021,0.17,0.09,
Brazil,215313504,56583962,37768491,18815471,,2021-05-13,2021-05,2021,0.18,0.09,
Brazil,215313504,57313642,38320507,18993135,,2021-05-14,2021-05,2021,0.18,0.09,
Brazil,215313504,57668646,38570631,19098015,,2021-05-15,2021-05,2021,0.18,0.09,
Brazil,215313504,57935280,38752714,19182566,,2021-05-16,2021-05,2021,0.18,0.09,
Brazil,215313504,58714631,39284275,19430356,,2021-05-17,2021-05,2021,0.18,0.09,
Brazil,215313504,59603625,39891922,19711703,,2021-05-18,2021-05,2021,0.19,0.09,
Brazil,215313504,60363334,40435632,19927702,,2021-05-19,2021-05,2021,0.19,0.09,
Brazil,215313504,61297420,41089722,20207698,,2021-05-20,2021-05,2021,0.19,0.09,
Brazil,215313504,62122684,41659039,20463645,,2021-05-21,2021-05,2021,0.19,0.1,
Brazil,215313504,62459684,41882011,20577673,,2021-05-22,2021-05,2021,0.19,0.1,
Brazil,215313504,63278821,42474538,20804283,,2021-05-23,2021-05,2021,0.2,0.1,
Brazil,215313504,64098809,43008064,21090745,,2021-05-24,2021-05,2021,0.2,0.1,
Brazil,215313504,64918585,43525933,21392652,,2021-05-25,2021-05,2021,0.2,0.1,
Brazil,215313504,65668438,44045168,21623270,,2021-05-26,2021-05,2021,0.2,0.1,
Brazil,215313504,66363506,44530761,21832745,,2021-05-27,2021-05,2021,0.21,0.1,
Brazil,215313504,67359292,45284397,22074895,,2021-05-28,2021-05,2021,0.21,0.1,
Brazil,215313504,67761958,45604680,22157278,,2021-05-29,2021-05,2021,0.21,0.1,
Brazil,215313504,67874735,45684962,22189773,,2021-05-30,2021-05,2021,0.21,0.1,
Brazil,215313504,68665647,46328168,22337479,,2021-05-31,2021-05,2021,0.22,0.1,
Brazil,215313504,69477898,46932629,22545269,,2021-06-01,2021-06,2021,0.22,0.1,
Brazil,215313504,70685368,47852026,22833342,,2021-06-02,2021-06,2021,0.22,0.11,
Brazil,215313504,71245492,48321463,22924029,,2021-06-03,2021-06,2021,0.22,0.11,
Brazil,215313504,71961789,48963900,22997889,,2021-06-04,2021-06,2021,0.23,0.11,
Brazil,215313504,72586950,49491413,23095537,,2021-06-05,2021-06,2021,0.23,0.11,
Brazil,215313504,72811509,49685501,23126008,,2021-06-06,2021-06,2021,0.23,0.11,
Brazil,215313504,73614079,50381104,23232975,,2021-06-07,2021-06,2021,0.23,0.11,
Brazil,215313504,74920113,51502554,23417559,,2021-06-08,2021-06,2021,0.24,0.11,
Brazil,215313504,76117123,52567517,23549606,,2021-06-09,2021-06,2021,0.24,0.11,
Brazil,215313504,77243101,53577624,23665477,,2021-06-10,2021-06,2021,0.25,0.11,
Brazil,215313504,78471914,54685737,23786177,,2021-06-11,2021-06,2021,0.25,0.11,
Brazil,215313504,79118243,55292343,23825900,,2021-06-12,2021-06,2021,0.26,0.11,
Brazil,215313504,79466212,55617274,23848938,,2021-06-13,2021-06,2021,0.26,0.11,
Brazil,215313504,80577338,56657381,23919957,,2021-06-14,2021-06,2021,0.26,0.11,
Brazil,215313504,81940689,57910386,24030303,,2021-06-15,2021-06,2021,0.27,0.11,
Brazil,215313504,83181485,59068483,24113002,,2021-06-16,2021-06,2021,0.27,0.11,
Brazil,215313504,85441106,61187304,24253802,,2021-06-17,2021-06,2021,0.28,0.11,
Brazil,215313504,87160471,62785859,24374612,,2021-06-18,2021-06,2021,0.29,0.11,
Brazil,215313504,88108418,63659153,24449265,,2021-06-19,2021-06,2021,0.3,0.11,
Brazil,215313504,88570223,64099339,24470884,,2021-06-20,2021-06,2021,0.3,0.11,
Brazil,215313504,90013336,65421825,24591511,,2021-06-21,2021-06,2021,0.3,0.11,
Brazil,215313504,91420290,66688623,24731667,,2021-06-22,2021-06,2021,0.31,0.11,
Brazil,215313504,92782243,67890907,24891336,,2021-06-23,2021-06,2021,0.32,0.12,
Brazil,215313504,94322179,69113521,25208658,,2021-06-24,2021-06,2021,0.32,0.12,
Brazil,215313504,95764065,70369603,25404254,,2021-06-25,2021-06,2021,0.33,0.12,
Brazil,215313504,96545254,71090361,25520772,,2021-06-26,2021-06,2021,0.33,0.12,
Brazil,215313504,96789753,71319026,25568632,,2021-06-27,2021-06,2021,0.33,0.12,
Brazil,215313504,97929680,72324820,25866869,,2021-06-28,2021-06,2021,0.34,0.12,
Brazil,215313504,99828676,73943650,26348752,,2021-06-29,2021-06,2021,0.34,0.12,
Brazil,215313504,101167462,75097273,26642477,,2021-06-30,2021-06,2021,0.35,0.12,
Brazil,215313504,102561737,76284848,26949200,,2021-07-01,2021-07,2021,0.35,0.13,
Brazil,215313504,104047565,77586349,27259467,,2021-07-02,2021-07,2021,0.36,0.13,
Brazil,215313504,104753510,78210253,27418130,,2021-07-03,2021-07,2021,0.36,0.13,
Brazil,215313504,105097389,78512727,27489232,,2021-07-04,2021-07,2021,0.36,0.13,
Brazil,215313504,106696625,79835457,27854683,,2021-07-05,2021-07,2021,0.37,0.13,
Brazil,215313504,108247755,81152984,28317786,,2021-07-06,2021-07,2021,0.38,0.13,
Brazil,215313504,109976127,82649595,28929443,,2021-07-07,2021-07,2021,0.38,0.13,
Brazil,215313504,111573265,83948802,29547039,,2021-07-08,2021-07,2021,0.39,0.14,
Brazil,215313504,112999344,85166293,30044191,,2021-07-09,2021-07,2021,0.4,0.14,
Brazil,215313504,113929447,85922323,30387607,,2021-07-10,2021-07,2021,0.4,0.14,
Brazil,215313504,114350128,86272249,30545014,,2021-07-11,2021-07,2021,0.4,0.14,
Brazil,215313504,115654260,87264587,31003288,,2021-07-12,2021-07,2021,0.41,0.14,
Brazil,215313504,117154411,88385719,31569503,,2021-07-13,2021-07,2021,0.41,0.15,
Brazil,215313504,118689127,89449394,32219034,,2021-07-14,2021-07,2021,0.42,0.15,
Brazil,215313504,120155331,90743692,32832460,,2021-07-15,2021-07,2021,0.42,0.15,
Brazil,215313504,121651233,91739486,33467323,,2021-07-16,2021-07,2021,0.43,0.16,
Brazil,215313504,122615695,92434146,33818142,,2021-07-17,2021-07,2021,0.43,0.16,
Brazil,215313504,122859535,92630599,33891244,,2021-07-18,2021-07,2021,0.43,0.16,
Brazil,215313504,124433796,93786760,34383717,,2021-07-19,2021-07,2021,0.44,0.16,
Brazil,215313504,126315897,95101845,35053766,,2021-07-20,2021-07,2021,0.44,0.16,
Brazil,215313504,128199383,96304601,35808080,,2021-07-21,2021-07,2021,0.45,0.17,
Brazil,215313504,130131385,97428671,36676823,,2021-07-22,2021-07,2021,0.45,0.17,
Brazil,215313504,131858906,98712936,37161762,,2021-07-23,2021-07,2021,0.46,0.17,
Brazil,215313504,132812191,99391757,37463852,,2021-07-24,2021-07,2021,0.46,0.17,
Brazil,215313504,133139145,99610570,37583404,,2021-07-25,2021-07,2021,0.46,0.17,
Brazil,215313504,134540217,100522817,38110566,,2021-07-26,2021-07,2021,0.47,0.18,
Brazil,215313504,136158369,101528055,38761406,,2021-07-27,2021-07,2021,0.47,0.18,
Brazil,215313504,137944954,102535345,39603390,,2021-07-28,2021-07,2021,0.48,0.18,
Brazil,215313504,139483586,103363365,40360686,,2021-07-29,2021-07,2021,0.48,0.19,
Brazil,215313504,141319627,104477597,41116889,,2021-07-30,2021-07,2021,0.49,0.19,
Brazil,215313504,142301917,105083580,41507968,,2021-07-31,2021-07,2021,0.49,0.19,
Brazil,215313504,142598659,105292650,41599313,,2021-08-01,2021-08,2021,0.49,0.19,
Brazil,215313504,143762758,105934725,42147735,,2021-08-02,2021-08,2021,0.49,0.2,
Brazil,215313504,145618595,107137953,42823483,,2021-08-03,2021-08,2021,0.5,0.2,
Brazil,215313504,148054492,108658469,43769705,,2021-08-04,2021-08,2021,0.5,0.2,
Brazil,215313504,149763010,109745651,44414256,,2021-08-05,2021-08,2021,0.51,0.21,
Brazil,215313504,151506191,110841845,45086810,,2021-08-06,2021-08,2021,0.51,0.21,
Brazil,215313504,152313188,111342715,45397341,,2021-08-07,2021-08,2021,0.52,0.21,
Brazil,215313504,152680029,111566720,45542992,,2021-08-08,2021-08,2021,0.52,0.21,
Brazil,215313504,154190964,112476618,46160465,,2021-08-09,2021-08,2021,0.52,0.21,
Brazil,215313504,156399040,113880889,46980025,,2021-08-10,2021-08,2021,0.53,0.22,
Brazil,215313504,158422879,115251518,47644783,,2021-08-11,2021-08,2021,0.54,0.22,
Brazil,215313504,160674246,116780678,48383179,,2021-08-12,2021-08,2021,0.54,0.22,
Brazil,215313504,162832096,118175020,49164242,,2021-08-13,2021-08,2021,0.55,0.23,
Brazil,215313504,164215233,119132205,49606493,,2021-08-14,2021-08,2021,0.55,0.23,
Brazil,215313504,164680217,119504650,49705914,,2021-08-15,2021-08,2021,0.56,0.23,
Brazil,215313504,166750328,120686544,50600926,,2021-08-16,2021-08,2021,0.56,0.24,
Brazil,215313504,169753003,122541955,51771235,,2021-08-17,2021-08,2021,0.57,0.24,
Brazil,215313504,171741149,123678883,52629848,,2021-08-18,2021-08,2021,0.57,0.24,
Brazil,215313504,174263122,125160916,53680684,,2021-08-19,2021-08,2021,0.58,0.25,
Brazil,215313504,176376890,126384146,54578690,,2021-08-20,2021-08,2021,0.59,0.25,
Brazil,215313504,177587502,127168248,55013076,,2021-08-21,2021-08,2021,0.59,0.26,
Brazil,215313504,178173214,127600937,55170955,,2021-08-22,2021-08,2021,0.59,0.26,
Brazil,215313504,180251675,128859272,55999780,,2021-08-23,2021-08,2021,0.6,0.26,
Brazil,215313504,182654763,130267899,57002150,,2021-08-24,2021-08,2021,0.61,0.26,
Brazil,215313504,184707573,131489509,57838947,,2021-08-25,2021-08,2021,0.61,0.27,
Brazil,215313504,186102952,131918133,58811744,,2021-08-26,2021-08,2021,0.61,0.27,
Brazil,215313504,188045400,132939921,59746726,,2021-08-27,2021-08,2021,0.62,0.28,
Brazil,215313504,189376018,133608741,60412846,,2021-08-28,2021-08,2021,0.62,0.28,
Brazil,215313504,189971293,133947333,60672443,,2021-08-29,2021-08,2021,0.62,0.28,
Brazil,215313504,191515901,134777145,61384034,,2021-08-30,2021-08,2021,0.63,0.29,
Brazil,215313504,194176380,136127045,62698760,,2021-08-31,2021-08,2021,0.63,0.29,
Brazil,215313504,196166473,137067385,63754375,,2021-09-01,2021-09,2021,0.64,0.3,
Brazil,215313504,198142390,137897705,64905651,282,2021-09-02,2021-09,2021,0.64,0.3,0.0
Brazil,215313504,200077775,138653061,66093601,373,2021-09-03,2021-09,2021,0.64,0.31,0.0
Brazil,215313504,201126108,139039441,66758831,537,2021-09-04,2021-09,2021,0.65,0.31,0.0
Brazil,215313504,201522079,139210778,66984704,780,2021-09-05,2021-09,2021,0.65,0.31,0.0
Brazil,215313504,203024669,139985523,67702291,14059,2021-09-06,2021-09,2021,0.65,0.31,0.0
Brazil,215313504,203577189,140218809,68020838,17205,2021-09-07,2021-09,2021,0.65,0.32,0.0
Brazil,215313504,205296045,140820674,69133319,25446,2021-09-08,2021-09,2021,0.65,0.32,0.0
Brazil,215313504,207509808,141565747,70594540,37195,2021-09-09,2021-09,2021,0.66,0.33,0.0
Brazil,215313504,209917761,142382292,72173074,52191,2021-09-10,2021-09,2021,0.66,0.34,0.0
Brazil,215313504,211223433,142798088,73050585,67596,2021-09-11,2021-09,2021,0.66,0.34,0.0
Brazil,215313504,211710814,142983971,73355123,68590,2021-09-12,2021-09,2021,0.66,0.34,0.0
Brazil,215313504,213203733,143433748,74381040,88874,2021-09-13,2021-09,2021,0.67,0.35,0.0
Brazil,215313504,215338063,144100429,75814267,128791,2021-09-14,2021-09,2021,0.67,0.35,0.0
Brazil,215313504,217240047,144761529,76990802,197261,2021-09-15,2021-09,2021,0.67,0.36,0.0
Brazil,215313504,218735998,145238112,77988754,223085,2021-09-16,2021-09,2021,0.67,0.36,0.0
Brazil,215313504,221071595,146000277,79542916,249365,2021-09-17,2021-09,2021,0.68,0.37,0.0
Brazil,215313504,222156927,146371189,80250454,259046,2021-09-18,2021-09,2021,0.68,0.37,0.0
Brazil,215313504,222581680,146553215,80492254,260661,2021-09-19,2021-09,2021,0.68,0.37,0.0
Brazil,215313504,223781527,146923305,81250428,334020,2021-09-20,2021-09,2021,0.68,0.38,0.0
Brazil,215313504,225592884,147473077,82467468,381549,2021-09-21,2021-09,2021,0.68,0.38,0.0
Brazil,215313504,227304555,147966925,83644344,427712,2021-09-22,2021-09,2021,0.69,0.39,0.0
Brazil,215313504,229100357,148510818,84869772,458735,2021-09-23,2021-09,2021,0.69,0.39,0.0
Brazil,215313504,230893002,148994474,86119839,520839,2021-09-24,2021-09,2021,0.69,0.4,0.0
Brazil,215313504,231983152,149386359,86796636,543561,2021-09-25,2021-09,2021,0.69,0.4,0.0
Brazil,215313504,232495892,149565073,87122476,552379,2021-09-26,2021-09,2021,0.69,0.4,0.0
Brazil,215313504,233772505,149871708,87828174,818917,2021-09-27,2021-09,2021,0.7,0.41,0.0
Brazil,215313504,235617220,150382518,89101310,882537,2021-09-28,2021-09,2021,0.7,0.41,0.0
Brazil,215313504,237320144,150881737,90253376,937694,2021-09-29,2021-09,2021,0.7,0.42,0.0
Brazil,215313504,239190412,151420924,91430204,1095300,2021-09-30,2021-09,2021,0.7,0.42,0.01
Brazil,215313504,241200485,151901209,92759486,1302298,2021-10-01,2021-10,2021,0.71,0.43,0.01
Brazil,215313504,242252204,152166987,93442685,1407110,2021-10-02,2021-10,2021,0.71,0.43,0.01
Brazil,215313504,242632087,152277364,93674362,1445470,2021-10-03,2021-10,2021,0.71,0.44,0.01
Brazil,215313504,243733571,152519888,94337578,1643658,2021-10-04,2021-10,2021,0.71,0.44,0.01
Brazil,215313504,245292452,152926450,95257454,1877233,2021-10-05,2021-10,2021,0.71,0.44,0.01
Brazil,215313504,247057054,153310124,96345260,2171857,2021-10-06,2021-10,2021,0.71,0.45,0.01
Brazil,215313504,248820533,153699490,97382944,2509515,2021-10-07,2021-10,2021,0.71,0.45,0.01
Brazil,215313504,250516351,154010913,98464451,2814838,2021-10-08,2021-10,2021,0.72,0.46,0.01
Brazil,215313504,251524115,154181567,99070817,3047975,2021-10-09,2021-10,2021,0.72,0.46,0.01
Brazil,215313504,252149684,154292724,99520881,3116010,2021-10-10,2021-10,2021,0.72,0.46,0.01
Brazil,215313504,253164892,154580496,100085018,3281210,2021-10-11,2021-10,2021,0.72,0.46,0.02
Brazil,215313504,253561158,154693150,100324302,3326730,2021-10-12,2021-10,2021,0.72,0.47,0.02
Brazil,215313504,254426529,154798792,100864092,3545399,2021-10-13,2021-10,2021,0.72,0.47,0.02
Brazil,215313504,256762148,155526988,102264366,3755046,2021-10-14,2021-10,2021,0.72,0.47,0.02
Brazil,215313504,258849471,156015804,103527053,4093579,2021-10-15,2021-10,2021,0.72,0.48,0.02
Brazil,215313504,260157865,156313972,104314315,4320556,2021-10-16,2021-10,2021,0.73,0.48,0.02
Brazil,215313504,260683274,156420266,104630777,4428544,2021-10-17,2021-10,2021,0.73,0.49,0.02
Brazil,215313504,261824131,156558619,105223364,4839664,2021-10-18,2021-10,2021,0.73,0.49,0.02
Brazil,215313504,263569544,156892317,106356335,5137429,2021-10-19,2021-10,2021,0.73,0.49,0.02
Brazil,215313504,265607325,157322792,107582227,5525142,2021-10-20,2021-10,2021,0.73,0.5,0.03
Brazil,215313504,266620080,157475037,108197260,5771569,2021-10-21,2021-10,2021,0.73,0.5,0.03
Brazil,215313504,267964026,157679997,108994434,6117946,2021-10-22,2021-10,2021,0.73,0.51,0.03
Brazil,215313504,268638494,157810514,109422127,6234557,2021-10-23,2021-10,2021,0.73,0.51,0.03
Brazil,215313504,269442502,157986323,109945760,6340977,2021-10-24,2021-10,2021,0.73,0.51,0.03
Brazil,215313504,271861944,158281322,111550520,6864893,2021-10-25,2021-10,2021,0.74,0.52,0.03
Brazil,215313504,273720279,158619663,112584033,7348675,2021-10-26,2021-10,2021,0.74,0.52,0.03
Brazil,215313504,275436454,158890656,113647161,7732904,2021-10-27,2021-10,2021,0.74,0.53,0.04
Brazil,215313504,277057532,159171324,114610870,8109625,2021-10-28,2021-10,2021,0.74,0.53,0.04
Brazil,215313504,278686713,159412919,115562494,8548187,2021-10-29,2021-10,2021,0.74,0.54,0.04
Brazil,215313504,279265141,159518249,115897379,8687173,2021-10-30,2021-10,2021,0.74,0.54,0.04
Brazil,215313504,279666131,159589151,116117550,8798263,2021-10-31,2021-10,2021,0.74,0.54,0.04
Brazil,215313504,279959241,159631476,116288959,8877862,2021-11-01,2021-11,2021,0.74,0.54,0.04
Brazil,215313504,280181200,159667965,116399784,8952577,2021-11-02,2021-11,2021,0.74,0.54,0.04
Brazil,215313504,281228625,159792323,117020085,9256939,2021-11-03,2021-11,2021,0.74,0.54,0.04
Brazil,215313504,282661800,160056071,117929773,9518430,2021-11-04,2021-11,2021,0.74,0.55,0.04
Brazil,215313504,284683953,160333906,119243098,9942921,2021-11-05,2021-11,2021,0.74,0.55,0.05
Brazil,215313504,285378181,160423951,119655284,10135262,2021-11-06,2021-11,2021,0.75,0.56,0.05
Brazil,215313504,285943124,160707880,119901571,10172914,2021-11-07,2021-11,2021,0.75,0.56,0.05
Brazil,215313504,287531811,160971992,120880423,10547189,2021-11-08,2021-11,2021,0.75,0.56,0.05
Brazil,215313504,288956195,161179478,121738604,10886116,2021-11-09,2021-11,2021,0.75,0.57,0.05
Brazil,215313504,290429521,161412780,122635903,11230958,2021-11-10,2021-11,2021,0.75,0.57,0.05
Brazil,215313504,292021210,161690791,123598784,11584564,2021-11-11,2021-11,2021,0.75,0.57,0.05
Brazil,215313504,293253508,161743151,124416550,11947900,2021-11-12,2021-11,2021,0.75,0.58,0.06
Brazil,215313504,293936446,161814220,124872035,12105575,2021-11-13,2021-11,2021,0.75,0.58,0.06
Brazil,215313504,294339583,161908494,125123667,12162832,2021-11-14,2021-11,2021,0.75,0.58,0.06
Brazil,215313504,294928227,161973124,125467475,12343281,2021-11-15,2021-11,2021,0.75,0.58,0.06
Brazil,215313504,295624622,162028086,125915845,12537109,2021-11-16,2021-11,2021,0.75,0.58,0.06
Brazil,215313504,297253230,162257537,126961439,12891623,2021-11-17,2021-11,2021,0.75,0.59,0.06
Brazil,215313504,298447729,162397679,127639599,13268488,2021-11-18,2021-11,2021,0.75,0.59,0.06
Brazil,215313504,299734733,162554502,128377050,13665714,2021-11-19,2021-11,2021,0.75,0.6,0.06
Brazil,215313504,300573489,162688776,128851409,13896415,2021-11-20,2021-11,2021,0.76,0.6,0.06
Brazil,215313504,301182753,162812584,129200205,14033709,2021-11-21,2021-11,2021,0.76,0.6,0.07
Brazil,215313504,302331069,162957786,129832016,14406374,2021-11-22,2021-11,2021,0.76,0.6,0.07
Brazil,215313504,303515430,163108526,130530871,14741803,2021-11-23,2021-11,2021,0.76,0.61,0.07
Brazil,215313504,304659197,163216460,131215922,15093083,2021-11-24,2021-11,2021,0.76,0.61,0.07
Brazil,215313504,305503188,163342820,131709249,15316348,2021-11-25,2021-11,2021,0.76,0.61,0.07
Brazil,215313504,306741882,163546806,132395866,15662595,2021-11-26,2021-11,2021,0.76,0.61,0.07
Brazil,215313504,307205318,163607249,132667094,15794900,2021-11-27,2021-11,2021,0.76,0.62,0.07
Brazil,215313504,307583387,163684746,132895365,15889956,2021-11-28,2021-11,2021,0.76,0.62,0.07
Brazil,215313504,307817825,163706613,133029594,15967140,2021-11-29,2021-11,2021,0.76,0.62,0.07
Brazil,215313504,309486607,163926497,133911230,16537956,2021-11-30,2021-11,2021,0.76,0.62,0.08
Brazil,215313504,310770495,164159539,134636857,16866381,2021-12-01,2021-12,2021,0.76,0.63,0.08
Brazil,215313504,311950389,164290464,135324508,17229559,2021-12-02,2021-12,2021,0.76,0.63,0.08
Brazil,215313504,313665030,164457496,136438552,17665501,2021-12-03,2021-12,2021,0.76,0.63,0.08
Brazil,215313504,314450780,164543599,136830588,17974402,2021-12-04,2021-12,2021,0.76,0.64,0.08
Brazil,215313504,314612221,164589731,136905306,18014777,2021-12-05,2021-12,2021,0.76,0.64,0.08
Brazil,215313504,315518302,164604790,137355248,18457123,2021-12-06,2021-12,2021,0.76,0.64,0.09
Brazil,215313504,316677030,164711745,137905915,18958874,2021-12-07,2021-12,2021,0.76,0.64,0.09
Brazil,215313504,317474217,164800426,138249795,19322836,2021-12-08,2021-12,2021,0.77,0.64,0.09
Brazil,215313504,318799260,164914808,138924356,19859727,2021-12-09,2021-12,2021,0.77,0.65,0.09
Brazil,215313504,319739095,164914808,139320682,20304256,2021-12-10,2021-12,2021,0.77,0.65,0.09
Brazil,215313504,319980117,164914808,139389518,20456996,2021-12-11,2021-12,2021,0.77,0.65,0.1
Brazil,215313504,320112450,164914808,139421689,20544800,2021-12-12,2021-12,2021,0.77,0.65,0.1
Brazil,215313504,320737938,164914808,139783903,20966748,2021-12-13,2021-12,2021,0.77,0.65,0.1
Brazil,215313504,321601407,164933940,140151965,21417495,2021-12-14,2021-12,2021,0.77,0.65,0.1
Brazil,215313504,322902290,165135181,140902990,21767091,2021-12-15,2021-12,2021,0.77,0.65,0.1
Brazil,215313504,323831095,165279022,141175069,22280659,2021-12-16,2021-12,2021,0.77,0.66,0.1
Brazil,215313504,324589549,165393977,141411665,22689115,2021-12-17,2021-12,2021,0.77,0.66,0.11
Brazil,215313504,324798686,165409165,141474540,22820476,2021-12-18,2021-12,2021,0.77,0.66,0.11
Brazil,215313504,324846680,165417886,141488098,22846232,2021-12-19,2021-12,2021,0.77,0.66,0.11
Brazil,215313504,325593485,165471288,141702263,23326643,2021-12-20,2021-12,2021,0.77,0.66,0.11
Brazil,215313504,326335565,165554570,141915573,23775890,2021-12-21,2021-12,2021,0.77,0.66,0.11
Brazil,215313504,327562756,165836442,142378728,24268862,2021-12-22,2021-12,2021,0.77,0.66,0.11
Brazil,215313504,328473878,165894312,142378728,24687765,2021-12-23,2021-12,2021,0.77,0.66,0.11
Brazil,215313504,328473878,165894312,142378728,24687765,2021-12-24,2021-12,2021,0.77,0.66,0.11
Brazil,215313504,328473878,165894312,142378728,24687765,2021-12-25,2021-12,2021,0.77,0.66,0.11
Brazil,215313504,328473878,165894312,142378728,24687765,2021-12-26,2021-12,2021,0.77,0.66,0.11
Brazil,215313504,329011365,165952037,142764283,25218893,2021-12-27,2021-12,2021,0.77,0.66,0.12
Brazil,215313504,329861730,166062249,142965728,25758909,2021-12-28,2021-12,2021,0.77,0.66,0.12
Brazil,215313504,330718457,166143380,143282084,26219623,2021-12-29,2021-12,2021,0.77,0.67,0.12
Brazil,215313504,331164041,166185628,143398692,26507937,2021-12-30,2021-12,2021,0.77,0.67,0.12
Brazil,215313504,331273910,166195505,143436012,26571077,2021-12-31,2021-12,2021,0.77,0.67,0.12
Brazil,215313504,331292259,166199307,143441284,26580353,2022-01-01,2022-01,2022,0.77,0.67,0.12
Brazil,215313504,331335826,166206716,143462401,26595450,2022-01-02,2022-01,2022,0.77,0.67,0.12
Brazil,215313504,332076818,166320650,143723393,27021302,2022-01-03,2022-01,2022,0.77,0.67,0.13
Brazil,215313504,332903332,166426973,143762375,27644424,2022-01-04,2022-01,2022,0.77,0.67,0.13
Brazil,215313504,333627875,166475764,143877220,28208100,2022-01-05,2022-01,2022,0.77,0.67,0.13
Brazil,215313504,333627875,166475764,143877220,28208100,2022-01-06,2022-01,2022,0.77,0.67,0.13
Brazil,215313504,333627875,166475764,143877220,28208100,2022-01-07,2022-01,2022,0.77,0.67,0.13
Brazil,215313504,333627875,166475764,143877220,28208100,2022-01-08,2022-01,2022,0.77,0.67,0.13
Brazil,215313504,335742922,166618516,144380523,29681866,2022-01-09,2022-01,2022,0.77,0.67,0.14
Brazil,215313504,336825920,166713275,144723824,30328376,2022-01-10,2022-01,2022,0.77,0.67,0.14
Brazil,215313504,337655171,166769657,144866950,30964122,2022-01-11,2022-01,2022,0.77,0.67,0.14
Brazil,215313504,338386118,166772188,145005051,31555580,2022-01-12,2022-01,2022,0.77,0.67,0.15
Brazil,215313504,339257036,166833338,145252463,32119256,2022-01-13,2022-01,2022,0.77,0.67,0.15
Brazil,215313504,339988963,166870347,145379254,32689339,2022-01-14,2022-01,2022,0.78,0.68,0.15
Brazil,215313504,340281915,166909237,145459361,32865633,2022-01-15,2022-01,2022,0.78,0.68,0.15
Brazil,215313504,343352666,167093156,146291728,34925304,2022-01-16,2022-01,2022,0.78,0.68,0.16
Brazil,215313504,347329271,167330250,147223765,37734662,2022-01-17,2022-01,2022,0.78,0.68,0.18
Brazil,215313504,348164653,167385859,147536850,38204173,2022-01-18,2022-01,2022,0.78,0.69,0.18
Brazil,215313504,349495232,167547304,147737978,39175254,2022-01-19,2022-01,2022,0.78,0.69,0.18
Brazil,215313504,350629268,167751970,148043971,39815665,2022-01-20,2022-01,2022,0.78,0.69,0.18
Brazil,215313504,351485976,167875050,148225622,40368648,2022-01-21,2022-01,2022,0.78,0.69,0.19
Brazil,215313504,352744905,168014778,148534163,41179575,2022-01-22,2022-01,2022,0.78,0.69,0.19
Brazil,215313504,352952210,168090877,148571660,41273385,2022-01-23,2022-01,2022,0.78,0.69,0.19
Brazil,215313504,354878131,168341120,148929430,42592544,2022-01-24,2022-01,2022,0.78,0.69,0.2
Brazil,215313504,355987219,168546490,149165531,43260640,2022-01-25,2022-01,2022,0.78,0.69,0.2
Brazil,215313504,357132990,168921071,149273731,43930017,2022-01-26,2022-01,2022,0.78,0.69,0.2
Brazil,215313504,358789930,169261105,149542396,44986684,2022-01-27,2022-01,2022,0.79,0.69,0.21
Brazil,215313504,360492730,169619416,149714068,46174206,2022-01-28,2022-01,2022,0.79,0.7,0.21
Brazil,215313504,361165196,169825847,149779557,46576117,2022-01-29,2022-01,2022,0.79,0.7,0.22
Brazil,215313504,361309679,169865538,149793528,46667050,2022-01-30,2022-01,2022,0.79,0.7,0.22
Brazil,215313504,362503209,170322125,149930855,47268419,2022-01-31,2022-01,2022,0.79,0.7,0.22
Brazil,215313504,363827251,170599221,150040841,48206588,2022-02-01,2022-02,2022,0.79,0.7,0.22
Brazil,215313504,365113872,170911850,150259405,48964197,2022-02-02,2022-02,2022,0.79,0.7,0.23
Brazil,215313504,366488450,171219037,150497414,49796615,2022-02-03,2022-02,2022,0.8,0.7,0.23
Brazil,215313504,367778211,171783306,150682483,50350832,2022-02-04,2022-02,2022,0.8,0.7,0.23
Brazil,215313504,368572365,172107474,150764876,50739982,2022-02-05,2022-02,2022,0.8,0.7,0.24
Brazil,215313504,369521071,172186641,150868539,51506685,2022-02-06,2022-02,2022,0.8,0.7,0.24
Brazil,215313504,370659862,172652514,150995915,52053080,2022-02-07,2022-02,2022,0.8,0.7,0.24
Brazil,215313504,371840433,172885945,151169160,52827090,2022-02-08,2022-02,2022,0.8,0.7,0.25
Brazil,215313504,373331749,172995877,151496825,53864593,2022-02-09,2022-02,2022,0.8,0.7,0.25
Brazil,215313504,375028165,173402815,151866862,54786812,2022-02-10,2022-02,2022,0.81,0.71,0.25
Brazil,215313504,376813738,173901090,152092266,55852904,2022-02-11,2022-02,2022,0.81,0.71,0.26
Brazil,215313504,377626315,174117725,152194707,56346995,2022-02-12,2022-02,2022,0.81,0.71,0.26
Brazil,215313504,378011196,174214439,152338804,56491813,2022-02-13,2022-02,2022,0.81,0.71,0.26
Brazil,215313504,378917750,174420792,152482989,57031422,2022-02-14,2022-02,2022,0.81,0.71,0.26
Brazil,215313504,379776348,174665423,152576040,57563050,2022-02-15,2022-02,2022,0.81,0.71,0.27
Brazil,215313504,380878261,174949012,152751771,58207145,2022-02-16,2022-02,2022,0.81,0.71,0.27
Brazil,215313504,382196732,175209007,152934928,59085282,2022-02-17,2022-02,2022,0.81,0.71,0.27
Brazil,215313504,384112607,175933938,153259174,59954912,2022-02-18,2022-02,2022,0.82,0.71,0.28
Brazil,215313504,385030790,176141497,153450986,60474794,2022-02-19,2022-02,2022,0.82,0.71,0.28
Brazil,215313504,385406305,176222268,153503892,60718386,2022-02-20,2022-02,2022,0.82,0.71,0.28
Brazil,215313504,386298288,176406587,153654205,61279432,2022-02-21,2022-02,2022,0.82,0.71,0.28
Brazil,215313504,387226162,176625569,153776069,61867668,2022-02-22,2022-02,2022,0.82,0.71,0.29
Brazil,215313504,388306875,176920320,154064354,62367146,2022-02-23,2022-02,2022,0.82,0.72,0.29
Brazil,215313504,389748374,177174489,154310603,63304898,2022-02-24,2022-02,2022,0.82,0.72,0.29
Brazil,215313504,391253145,177448925,154573852,64282472,2022-02-25,2022-02,2022,0.82,0.72,0.3
Brazil,215313504,391785022,177544796,154668487,64624776,2022-02-26,2022-02,2022,0.82,0.72,0.3
Brazil,215313504,391970436,177579708,154719004,64725099,2022-02-27,2022-02,2022,0.82,0.72,0.3
Brazil,215313504,392763634,177742258,155044552,65031675,2022-02-28,2022-02,2022,0.83,0.72,0.3
Brazil,215313504,392925626,177836868,155071690,65073212,2022-03-01,2022-03,2022,0.83,0.72,0.3
Brazil,215313504,392925626,177836868,155071690,65073212,2022-03-02,2022-03,2022,0.83,0.72,0.3
Brazil,215313504,394111796,177987744,155380086,65802661,2022-03-03,2022-03,2022,0.83,0.72,0.31
Brazil,215313504,394812859,178113009,155569412,66190014,2022-03-04,2022-03,2022,0.83,0.72,0.31
Brazil,215313504,395464826,178203894,155711613,66609966,2022-03-05,2022-03,2022,0.83,0.72,0.31
Brazil,215313504,395658972,178245534,155740455,66734054,2022-03-06,2022-03,2022,0.83,0.72,0.31
Brazil,215313504,396537303,178366451,155930535,67303447,2022-03-07,2022-03,2022,0.83,0.72,0.31
Brazil,215313504,397386286,178486274,156114741,67849960,2022-03-08,2022-03,2022,0.83,0.73,0.32
Brazil,215313504,398449118,178657742,156339809,68529303,2022-03-09,2022-03,2022,0.83,0.73,0.32
Brazil,215313504,400536072,179288492,157250835,69072506,2022-03-10,2022-03,2022,0.83,0.73,0.32
Brazil,215313504,401272006,179411783,157418571,69520035,2022-03-11,2022-03,2022,0.83,0.73,0.32
Brazil,215313504,402357624,179715577,157623243,70098817,2022-03-12,2022-03,2022,0.83,0.73,0.33
Brazil,215313504,402573315,179754579,157662860,70236716,2022-03-13,2022-03,2022,0.83,0.73,0.33
Brazil,215313504,403286505,179853602,157830125,70685742,2022-03-14,2022-03,2022,0.84,0.73,0.33
Brazil,215313504,403856898,179913614,157992526,71035349,2022-03-15,2022-03,2022,0.84,0.73,0.33
Brazil,215313504,404885141,180005705,158245106,71727611,2022-03-16,2022-03,2022,0.84,0.73,0.33
Brazil,215313504,405634648,180093699,158439105,72198007,2022-03-17,2022-03,2022,0.84,0.74,0.34
Brazil,215313504,406685448,180265232,158682962,72838901,2022-03-18,2022-03,2022,0.84,0.74,0.34
Brazil,215313504,407274462,180341198,158832351,73204533,2022-03-19,2022-03,2022,0.84,0.74,0.34
Brazil,215313504,407435784,180360121,158863543,73315989,2022-03-20,2022-03,2022,0.84,0.74,0.34
Brazil,215313504,408348030,180469257,159101357,73883571,2022-03-21,2022-03,2022,0.84,0.74,0.34
Brazil,215313504,408961974,180523619,159240417,74304721,2022-03-22,2022-03,2022,0.84,0.74,0.35
Brazil,215313504,409606978,180592464,159388079,74734058,2022-03-23,2022-03,2022,0.84,0.74,0.35
Brazil,215313504,410175836,180653782,159513421,75117268,2022-03-24,2022-03,2022,0.84,0.74,0.35
Brazil,215313504,410860641,180726798,159673499,75570590,2022-03-25,2022-03,2022,0.84,0.74,0.35
Brazil,215313504,411116197,180757995,159756178,75715420,2022-03-26,2022-03,2022,0.84,0.74,0.35
Brazil,215313504,411548202,180800024,159842858,76020080,2022-03-27,2022-03,2022,0.84,0.74,0.35
Brazil,215313504,412177025,180881628,160008924,76412684,2022-03-28,2022-03,2022,0.84,0.74,0.35
Brazil,215313504,413559595,181078067,160272858,77336806,2022-03-29,2022-03,2022,0.84,0.74,0.36
Brazil,215313504,414606124,181174361,160525435,78038061,2022-03-30,2022-03,2022,0.84,0.75,0.36
Brazil,215313504,415350921,181233281,160706753,78545054,2022-03-31,2022-03,2022,0.84,0.75,0.36
Brazil,215313504,415350921,181233281,160706753,78545054,2022-04-01,2022-04,2022,0.84,0.75,0.36
Brazil,215313504,415350921,181233281,160706753,78545054,2022-04-02,2022-04,2022,0.84,0.75,0.36
Brazil,215313504,416625503,181342972,161015556,79407896,2022-04-03,2022-04,2022,0.84,0.75,0.37
Brazil,215313504,417150367,181374540,161109802,79808443,2022-04-04,2022-04,2022,0.84,0.75,0.37
Brazil,215313504,418081276,181451944,161296449,80480994,2022-04-05,2022-04,2022,0.84,0.75,0.37
Brazil,215313504,418988804,181544315,161485597,81135417,2022-04-06,2022-04,2022,0.84,0.75,0.38
Brazil,215313504,419669076,181596648,161634006,81617827,2022-04-07,2022-04,2022,0.84,0.75,0.38
Brazil,215313504,420411074,181652995,161802142,82140278,2022-04-08,2022-04,2022,0.84,0.75,0.38
Brazil,215313504,420841281,181687021,161882738,82460566,2022-04-09,2022-04,2022,0.84,0.75,0.38
Brazil,215313504,421028480,181702093,161924220,82594423,2022-04-10,2022-04,2022,0.84,0.75,0.38
Brazil,215313504,421634418,181755180,162079967,82993482,2022-04-11,2022-04,2022,0.84,0.75,0.39
Brazil,215313504,422368139,181810164,162237061,83518646,2022-04-12,2022-04,2022,0.84,0.75,0.39
Brazil,215313504,422804515,181841381,162328262,83836874,2022-04-13,2022-04,2022,0.84,0.75,0.39
Brazil,215313504,423594585,181894974,162490311,84414525,2022-04-14,2022-04,2022,0.84,0.75,0.39
Brazil,215313504,423594585,181894974,162490311,84414525,2022-04-15,2022-04,2022,0.84,0.75,0.39
Brazil,215313504,423594585,181894974,162490311,84414525,2022-04-16,2022-04,2022,0.84,0.75,0.39
Brazil,215313504,424058492,181975535,162589368,84700482,2022-04-17,2022-04,2022,0.85,0.76,0.39
Brazil,215313504,424403120,182010643,162689883,84910442,2022-04-18,2022-04,2022,0.85,0.76,0.39
Brazil,215313504,425301193,182287352,162888301,85336548,2022-04-19,2022-04,2022,0.85,0.76,0.4
Brazil,215313504,426002158,182324186,163106069,85785089,2022-04-20,2022-04,2022,0.85,0.76,0.4
Brazil,215313504,426445178,182365678,163228941,86064638,2022-04-21,2022-04,2022,0.85,0.76,0.4
Brazil,215313504,426445178,182365678,163228941,86064638,2022-04-22,2022-04,2022,0.85,0.76,0.4
Brazil,215313504,426683997,182395741,163322265,86180459,2022-04-23,2022-04,2022,0.85,0.76,0.4
Brazil,215313504,426686042,182395817,163322557,86182146,2022-04-24,2022-04,2022,0.85,0.76,0.4
Brazil,215313504,426987455,182426996,163400967,86375300,2022-04-25,2022-04,2022,0.85,0.76,0.4
Brazil,215313504,427262945,182455170,163481925,86543564,2022-04-26,2022-04,2022,0.85,0.76,0.4
Brazil,215313504,428179278,182519774,163675729,87204205,2022-04-27,2022-04,2022,0.85,0.76,0.41
Brazil,215313504,428748714,182563727,163815874,87591331,2022-04-28,2022-04,2022,0.85,0.76,0.41
Brazil,215313504,429202399,182599066,163923507,87903408,2022-04-29,2022-04,2022,0.85,0.76,0.41
Brazil,215313504,429202399,182599066,163923507,87903408,2022-04-30,2022-04,2022,0.85,0.76,0.41
Brazil,215313504,429613287,182623313,163989684,88224899,2022-05-01,2022-05,2022,0.85,0.76,0.41
Brazil,215313504,430000411,182665767,164101615,88458624,2022-05-02,2022-05,2022,0.85,0.76,0.41
Brazil,215313504,430435333,182707626,164217813,88736521,2022-05-03,2022-05,2022,0.85,0.76,0.41
Brazil,215313504,430951275,182778371,164385393,89015754,2022-05-04,2022-05,2022,0.85,0.76,0.41
Brazil,215313504,431278922,182800351,164464910,89242341,2022-05-05,2022-05,2022,0.85,0.76,0.41
Brazil,215313504,431859321,182850462,164564155,89674756,2022-05-06,2022-05,2022,0.85,0.76,0.42
Brazil,215313504,432025086,182860122,164594075,89801425,2022-05-07,2022-05,2022,0.85,0.76,0.42
Brazil,215313504,432134475,182871051,164611407,89882749,2022-05-08,2022-05,2022,0.85,0.76,0.42
Brazil,215313504,432354816,182895357,164655881,90034922,2022-05-09,2022-05,2022,0.85,0.76,0.42
Brazil,215313504,432639345,182912971,164719113,90239407,2022-05-10,2022-05,2022,0.85,0.77,0.42
Brazil,215313504,434019486,183059675,165033358,91160592,2022-05-11,2022-05,2022,0.85,0.77,0.42
Brazil,215313504,435017274,183119662,165122240,92022577,2022-05-12,2022-05,2022,0.85,0.77,0.43
Brazil,215313504,435185477,183131850,165160304,92140991,2022-05-13,2022-05,2022,0.85,0.77,0.43
Brazil,215313504,435226309,183134052,165170618,92169363,2022-05-14,2022-05,2022,0.85,0.77,0.43
Brazil,215313504,435243423,183135100,165173312,92182749,2022-05-15,2022-05,2022,0.85,0.77,0.43
Brazil,215313504,435312095,183142928,165182832,92236350,2022-05-16,2022-05,2022,0.85,0.77,0.43
Brazil,215313504,435312095,183142928,165182832,92236350,2022-05-17,2022-05,2022,0.85,0.77,0.43
Brazil,215313504,436276886,183205522,165396479,92931571,2022-05-18,2022-05,2022,0.85,0.77,0.43
Brazil,215313504,436936651,183241820,165448319,93504050,2022-05-19,2022-05,2022,0.85,0.77,0.43
Brazil,215313504,437099610,183251237,165506166,93600217,2022-05-20,2022-05,2022,0.85,0.77,0.43
Brazil,215313504,437142038,183256110,165518807,93625233,2022-05-21,2022-05,2022,0.85,0.77,0.43
Brazil,215313504,437142038,183256110,165518807,93625233,2022-05-22,2022-05,2022,0.85,0.77,0.43
Brazil,215313504,437142038,183256110,165518807,93625233,2022-05-23,2022-05,2022,0.85,0.77,0.43
Brazil,215313504,437142038,183256110,165518807,93625233,2022-05-24,2022-05,2022,0.85,0.77,0.43
Brazil,215313504,437142038,183256110,165518807,93625233,2022-05-25,2022-05,2022,0.85,0.77,0.43
Brazil,215313504,438839760,183699529,165816612,94587179,2022-05-26,2022-05,2022,0.85,0.77,0.44
Brazil,215313504,440230116,183815081,165961524,95726593,2022-05-27,2022-05,2022,0.85,0.77,0.44
Brazil,215313504,440558613,183853208,166003440,95975713,2022-05-28,2022-05,2022,0.85,0.77,0.45
Brazil,215313504,440647763,183859105,166018561,96043999,2022-05-29,2022-05,2022,0.85,0.77,0.45
Brazil,215313504,440887471,183885189,166071932,96205270,2022-05-30,2022-05,2022,0.85,0.77,0.45
Brazil,215313504,441054017,183894671,166104268,96330487,2022-05-31,2022-05,2022,0.85,0.77,0.45
Brazil,215313504,441279964,183925335,166164004,96467250,2022-06-01,2022-06,2022,0.85,0.77,0.45
Brazil,215313504,441279964,183925335,166164004,96467250,2022-06-02,2022-06,2022,0.85,0.77,0.45
Brazil,215313504,442571325,184018923,166365243,97467265,2022-06-03,2022-06,2022,0.85,0.77,0.45
Brazil,215313504,443278533,184062381,166424506,98075029,2022-06-04,2022-06,2022,0.85,0.77,0.46
Brazil,215313504,443475532,184077691,166459996,98221657,2022-06-05,2022-06,2022,0.85,0.77,0.46
Brazil,215313504,443829496,184091855,166493992,98528751,2022-06-06,2022-06,2022,0.85,0.77,0.46
Brazil,215313504,444537453,184130468,166572602,99120969,2022-06-07,2022-06,2022,0.86,0.77,0.46
Brazil,215313504,445097070,184150383,166737175,99499887,2022-06-08,2022-06,2022,0.86,0.77,0.46
Brazil,215313504,446745262,184254911,167910796,99871092,2022-06-09,2022-06,2022,0.86,0.78,0.46
Brazil,215313504,446745262,184254911,167910796,99871092,2022-06-10,2022-06,2022,0.86,0.78,0.46
Brazil,215313504,447416630,184281808,168008971,100420090,2022-06-11,2022-06,2022,0.86,0.78,0.47
Brazil,215313504,447455088,184286899,168027302,100435388,2022-06-12,2022-06,2022,0.86,0.78,0.47
Brazil,215313504,447773835,184298439,168055659,100715379,2022-06-13,2022-06,2022,0.86,0.78,0.47
Brazil,215313504,448234610,184321008,168113218,101097404,2022-06-14,2022-06,2022,0.86,0.78,0.47
Brazil,215313504,448567375,184337124,168140833,101388985,2022-06-15,2022-06,2022,0.86,0.78,0.47
Brazil,215313504,449034484,184418250,168228893,101690638,2022-06-16,2022-06,2022,0.86,0.78,0.47
Brazil,215313504,449187010,184424410,168245953,101820162,2022-06-17,2022-06,2022,0.86,0.78,0.47
Brazil,215313504,449291596,184431840,168262637,101900962,2022-06-18,2022-06,2022,0.86,0.78,0.47
Brazil,215313504,449339384,184433745,168272147,101937408,2022-06-19,2022-06,2022,0.86,0.78,0.47
Brazil,215313504,449796728,184456417,168365246,102279577,2022-06-20,2022-06,2022,0.86,0.78,0.48
Brazil,215313504,450342490,184483215,168401552,102763202,2022-06-21,2022-06,2022,0.86,0.78,0.48
Brazil,215313504,450847767,184509247,168480030,103164594,2022-06-22,2022-06,2022,0.86,0.78,0.48
Brazil,215313504,451276207,184537975,168547546,103497533,2022-06-23,2022-06,2022,0.86,0.78,0.48
Brazil,215313504,451641403,184552936,168569319,103827247,2022-06-24,2022-06,2022,0.86,0.78,0.48
Brazil,215313504,451645589,184554559,168570301,103828829,2022-06-25,2022-06,2022,0.86,0.78,0.48
Brazil,215313504,451787907,184557755,168577895,103960516,2022-06-26,2022-06,2022,0.86,0.78,0.48
Brazil,215313504,452218476,184574635,168604658,104348850,2022-06-27,2022-06,2022,0.86,0.78,0.48
Brazil,215313504,452218476,184574635,168604658,104348850,2022-06-28,2022-06,2022,0.86,0.78,0.48
Brazil,215313504,454770759,184662547,168901560,106526094,2022-06-29,2022-06,2022,0.86,0.78,0.49
Brazil,215313504,454854179,184682893,168924041,106567152,2022-06-30,2022-06,2022,0.86,0.78,0.49
Brazil,215313504,455499598,184737131,169070566,107015873,2022-07-01,2022-07,2022,0.86,0.79,0.5
Brazil,215313504,455720321,184748472,169103088,107193108,2022-07-02,2022-07,2022,0.86,0.79,0.5
Brazil,215313504,456101065,184764593,169144171,107517391,2022-07-03,2022-07,2022,0.86,0.79,0.5
Brazil,215313504,456903089,184786423,169188579,108264143,2022-07-04,2022-07,2022,0.86,0.79,0.5
Brazil,215313504,457240603,184808029,169230631,108538492,2022-07-05,2022-07,2022,0.86,0.79,0.5
Brazil,215313504,457240603,184808029,169230631,108538492,2022-07-06,2022-07,2022,0.86,0.79,0.5
Brazil,215313504,458043955,184864012,169334423,109183399,2022-07-07,2022-07,2022,0.86,0.79,0.51
Brazil,215313504,458043955,184864012,169334423,109183399,2022-07-08,2022-07,2022,0.86,0.79,0.51
Brazil,215313504,458439642,184886392,169396807,109495260,2022-07-09,2022-07,2022,0.86,0.79,0.51
Brazil,215313504,458522879,184888876,169407663,109565250,2022-07-10,2022-07,2022,0.86,0.79,0.51
Brazil,215313504,459647933,184902655,169450183,110634426,2022-07-11,2022-07,2022,0.86,0.79,0.51
Brazil,215313504,459647933,184902655,169450183,110634426,2022-07-12,2022-07,2022,0.86,0.79,0.51
Brazil,215313504,460051351,184922668,169518495,110950272,2022-07-13,2022-07,2022,0.86,0.79,0.52
Brazil,215313504,461148848,184951661,169602261,111935605,2022-07-14,2022-07,2022,0.86,0.79,0.52
Brazil,215313504,461148848,184951661,169602261,111935605,2022-07-15,2022-07,2022,0.86,0.79,0.52
Brazil,215313504,461493406,184973979,169671773,112188936,2022-07-16,2022-07,2022,0.86,0.79,0.52
Brazil,215313504,461568115,184976830,169680492,112252184,2022-07-17,2022-07,2022,0.86,0.79,0.52
Brazil,215313504,461568115,184976830,169680492,112252184,2022-07-18,2022-07,2022,0.86,0.79,0.52
Brazil,215313504,461568115,184976830,169680492,112252184,2022-07-19,2022-07,2022,0.86,0.79,0.52
Brazil,215313504,461568115,184976830,169680492,112252184,2022-07-20,2022-07,2022,0.86,0.79,0.52
Brazil,215313504,461568115,184976830,169680492,112252184,2022-07-21,2022-07,2022,0.86,0.79,0.52
Brazil,215313504,461568115,184976830,169680492,112252184,2022-07-22,2022-07,2022,0.86,0.79,0.52
Brazil,215313504,461568115,184976830,169680492,112252184,2022-07-23,2022-07,2022,0.86,0.79,0.52
Brazil,215313504,465319009,185208286,170168354,112252184,2022-07-24,2022-07,2022,0.86,0.79,0.52
Brazil,215313504,465319009,185208286,170168354,112252184,2022-07-25,2022-07,2022,0.86,0.79,0.52
Brazil,215313504,465319009,185208286,170168354,112252184,2022-07-26,2022-07,2022,0.86,0.79,0.52
Brazil,215313504,465319009,185208286,170168354,112252184,2022-07-27,2022-07,2022,0.86,0.79,0.52
Brazil,215313504,465319009,185208286,170168354,112252184,2022-07-28,2022-07,2022,0.86,0.79,0.52
Brazil,215313504,465319009,185208286,170168354,112252184,2022-07-29,2022-07,2022,0.86,0.79,0.52
Brazil,215313504,465319009,185208286,170168354,112252184,2022-07-30,2022-07,2022,0.86,0.79,0.52
Brazil,215313504,465319009,185208286,170168354,112252184,2022-07-31,2022-07,2022,0.86,0.79,0.52
Brazil,215313504,465319009,185208286,170168354,112252184,2022-08-01,2022-08,2022,0.86,0.79,0.52
Brazil,215313504,465319009,185208286,170168354,112252184,2022-08-02,2022-08,2022,0.86,0.79,0.52
Brazil,215313504,465319009,185208286,170168354,112252184,2022-08-03,2022-08,2022,0.86,0.79,0.52
Brazil,215313504,465319009,185208286,170168354,112252184,2022-08-04,2022-08,2022,0.86,0.79,0.52
Brazil,215313504,465319009,185208286,170168354,112252184,2022-08-05,2022-08,2022,0.86,0.79,0.52
Brazil,215313504,465319009,185208286,170168354,112252184,2022-08-06,2022-08,2022,0.86,0.79,0.52
Brazil,215313504,465319009,185208286,170168354,112252184,2022-08-07,2022-08,2022,0.86,0.79,0.52
Brazil,215313504,465620128,185834527,170839777,114326122,2022-08-08,2022-08,2022,0.86,0.79,0.53
Brazil,215313504,465843376,185856818,170942943,114425818,2022-08-09,2022-08,2022,0.86,0.79,0.53
Brazil,215313504,466047379,185892530,170983152,114560347,2022-08-10,2022-08,2022,0.86,0.79,0.53
Brazil,215313504,466464500,185920530,170998964,114934576,2022-08-11,2022-08,2022,0.86,0.79,0.53
Brazil,215313504,466850155,185975699,171084385,115180990,2022-08-12,2022-08,2022,0.86,0.79,0.53
Brazil,215313504,466850155,185975699,171084385,115180990,2022-08-13,2022-08,2022,0.86,0.79,0.53
Brazil,215313504,467002964,185993496,171111631,115289012,2022-08-14,2022-08,2022,0.86,0.79,0.54
Brazil,215313504,467119772,186014159,171145175,115352317,2022-08-15,2022-08,2022,0.86,0.79,0.54
Brazil,215313504,467119772,186014159,171145175,115352317,2022-08-16,2022-08,2022,0.86,0.79,0.54
Brazil,215313504,467119772,186014159,171145175,115352317,2022-08-17,2022-08,2022,0.86,0.79,0.54
Brazil,215313504,468196498,186100433,171285767,116222886,2022-08-18,2022-08,2022,0.86,0.8,0.54
Brazil,215313504,468240252,186112320,171298784,116241830,2022-08-19,2022-08,2022,0.86,0.8,0.54
Brazil,215313504,468323757,186147547,171315994,116272952,2022-08-20,2022-08,2022,0.86,0.8,0.54
Brazil,215313504,468339633,186159303,171319284,116274155,2022-08-21,2022-08,2022,0.86,0.8,0.54
Brazil,215313504,468400138,186176638,171336583,116300081,2022-08-22,2022-08,2022,0.86,0.8,0.54
Brazil,215313504,468580889,186302961,171369543,116322566,2022-08-23,2022-08,2022,0.87,0.8,0.54
Brazil,215313504,468684685,186358100,171401015,116346199,2022-08-24,2022-08,2022,0.87,0.8,0.54
Brazil,215313504,468741076,186374962,171421366,116365561,2022-08-25,2022-08,2022,0.87,0.8,0.54
Brazil,215313504,468802225,186397361,171439071,116386932,2022-08-26,2022-08,2022,0.87,0.8,0.54
Brazil,215313504,468830167,186406003,171451693,116393648,2022-08-27,2022-08,2022,0.87,0.8,0.54
Brazil,215313504,468834023,186406388,171451863,116396949,2022-08-28,2022-08,2022,0.87,0.8,0.54
Brazil,215313504,470058345,186476296,171607294,117398187,2022-08-29,2022-08,2022,0.87,0.8,0.55
Brazil,215313504,470115910,186491119,171625383,117422896,2022-08-30,2022-08,2022,0.87,0.8,0.55
Brazil,215313504,470327404,186519881,171665721,117565662,2022-08-31,2022-08,2022,0.87,0.8,0.55
Brazil,215313504,470483060,186542426,171709120,117655924,2022-09-01,2022-09,2022,0.87,0.8,0.55
Brazil,215313504,470528623,186558432,171721033,117674330,2022-09-02,2022-09,2022,0.87,0.8,0.55
Brazil,215313504,470708499,186578811,171762519,117792808,2022-09-03,2022-09,2022,0.87,0.8,0.55
Brazil,215313504,470745558,186583216,171768695,117819334,2022-09-04,2022-09,2022,0.87,0.8,0.55
Brazil,215313504,470784030,186590349,171778301,117841133,2022-09-05,2022-09,2022,0.87,0.8,0.55
Brazil,215313504,470898070,186618522,171809197,117896301,2022-09-06,2022-09,2022,0.87,0.8,0.55
Brazil,215313504,470910315,186624508,171811546,117900233,2022-09-07,2022-09,2022,0.87,0.8,0.55
Brazil,215313504,470943250,186632925,171821267,117915066,2022-09-08,2022-09,2022,0.87,0.8,0.55
Brazil,215313504,471130593,186656503,171858625,118041839,2022-09-09,2022-09,2022,0.87,0.8,0.55
Brazil,215313504,471187373,186663841,171871796,118078226,2022-09-10,2022-09,2022,0.87,0.8,0.55
Brazil,215313504,471204985,186665783,171875292,118090435,2022-09-11,2022-09,2022,0.87,0.8,0.55
Brazil,215313504,471266090,186674424,171889220,118129076,2022-09-12,2022-09,2022,0.87,0.8,0.55
Brazil,215313504,471378826,186715084,171949598,118140842,2022-09-13,2022-09,2022,0.87,0.8,0.55
Brazil,215313504,471541070,186735750,171986751,118245579,2022-09-14,2022-09,2022,0.87,0.8,0.55
Brazil,215313504,471637254,186749395,172011897,118303181,2022-09-15,2022-09,2022,0.87,0.8,0.55
Brazil,215313504,471683198,186763817,172032889,118313785,2022-09-16,2022-09,2022,0.87,0.8,0.55
Brazil,215313504,471818420,186779155,172062452,118404473,2022-09-17,2022-09,2022,0.87,0.8,0.55
Brazil,215313504,471848842,186784356,172070129,118422064,2022-09-18,2022-09,2022,0.87,0.8,0.55
Brazil,215313504,471886071,186794251,172085291,118434275,2022-09-19,2022-09,2022,0.87,0.8,0.55
Brazil,215313504,471922157,186802634,172101534,118445795,2022-09-20,2022-09,2022,0.87,0.8,0.55
Brazil,215313504,472074264,186822935,172143680,118536943,2022-09-21,2022-09,2022,0.87,0.8,0.55
Brazil,215313504,472074264,186822935,172143680,118536943,2022-09-22,2022-09,2022,0.87,0.8,0.55
Brazil,215313504,472271029,186857554,172196847,118650592,2022-09-23,2022-09,2022,0.87,0.8,0.55
Brazil,215313504,472338682,186866076,172212074,118694643,2022-09-24,2022-09,2022,0.87,0.8,0.55
Brazil,215313504,472364620,186868669,172217754,118712344,2022-09-25,2022-09,2022,0.87,0.8,0.55
Brazil,215313504,472820035,187303916,172225884,118724423,2022-09-26,2022-09,2022,0.87,0.8,0.55
Brazil,215313504,472853663,187313182,172239966,118734796,2022-09-27,2022-09,2022,0.87,0.8,0.55
Brazil,215313504,472972308,187327659,172264693,118734796,2022-09-28,2022-09,2022,0.87,0.8,0.55
Brazil,215313504,472972308,187327659,172264693,118734796,2022-09-29,2022-09,2022,0.87,0.8,0.55
Brazil,215313504,472972308,187327659,172264693,118734796,2022-09-30,2022-09,2022,0.87,0.8,0.55
Brazil,215313504,472972308,187327659,172264693,118734796,2022-10-01,2022-10,2022,0.87,0.8,0.55
Brazil,215313504,472972308,187327659,172264693,118734796,2022-10-02,2022-10,2022,0.87,0.8,0.55
Brazil,215313504,472972308,187327659,172264693,118734796,2022-10-03,2022-10,2022,0.87,0.8,0.55
Brazil,215313504,472972308,187327659,172264693,118734796,2022-10-04,2022-10,2022,0.87,0.8,0.55
Brazil,215313504,472972308,187327659,172264693,118734796,2022-10-05,2022-10,2022,0.87,0.8,0.55
Brazil,215313504,472972308,187327659,172264693,118734796,2022-10-06,2022-10,2022,0.87,0.8,0.55
Brazil,215313504,473061343,187376439,172307814,118811893,2022-10-07,2022-10,2022,0.87,0.8,0.55
Brazil,215313504,473061574,187376439,172308045,118811893,2022-10-08,2022-10,2022,0.87,0.8,0.55
Brazil,215313504,473061603,187376439,172308074,118811893,2022-10-09,2022-10,2022,0.87,0.8,0.55
Brazil,215313504,473062582,187377009,172308483,118811893,2022-10-10,2022-10,2022,0.87,0.8,0.55
Brazil,215313504,473062796,187377009,172308697,118811893,2022-10-11,2022-10,2022,0.87,0.8,0.55
Brazil,215313504,473062796,187377009,172308697,118811893,2022-10-12,2022-10,2022,0.87,0.8,0.55
Brazil,215313504,473081170,187385383,172318697,118811893,2022-10-13,2022-10,2022,0.87,0.8,0.55
Brazil,215313504,473081511,187385383,172319038,118811893,2022-10-14,2022-10,2022,0.87,0.8,0.55
Brazil,215313504,473081752,187385383,172319279,118811893,2022-10-15,2022-10,2022,0.87,0.8,0.55
Brazil,215313504,473081842,187385383,172319369,118811893,2022-10-16,2022-10,2022,0.87,0.8,0.55
Brazil,215313504,473082944,187385383,172320471,118811893,2022-10-17,2022-10,2022,0.87,0.8,0.55
Brazil,215313504,473101078,187385670,172338318,118811893,2022-10-18,2022-10,2022,0.87,0.8,0.55
Brazil,215313504,473101313,187385670,172338553,118811893,2022-10-19,2022-10,2022,0.87,0.8,0.55
Brazil,215313504,473101635,187385670,172338875,118811893,2022-10-20,2022-10,2022,0.87,0.8,0.55
Brazil,215313504,473101789,187385670,172339029,118811893,2022-10-21,2022-10,2022,0.87,0.8,0.55
Brazil,215313504,473101982,187385670,172339222,118811893,2022-10-22,2022-10,2022,0.87,0.8,0.55
Brazil,215313504,473101996,187385670,172339236,118811893,2022-10-23,2022-10,2022,0.87,0.8,0.55
Brazil,215313504,473102012,187385670,172339252,118811893,2022-10-24,2022-10,2022,0.87,0.8,0.55
Brazil,215313504,473102204,187385670,172339444,118811893,2022-10-25,2022-10,2022,0.87,0.8,0.55
Brazil,215313504,473102401,187385670,172339641,118811893,2022-10-26,2022-10,2022,0.87,0.8,0.55
Brazil,215313504,473102633,187385670,172339873,118811893,2022-10-27,2022-10,2022,0.87,0.8,0.55
Brazil,215313504,473102959,187385670,172340199,118811893,2022-10-28,2022-10,2022,0.87,0.8,0.55
Brazil,215313504,473102959,187385670,172340199,118811893,2022-10-29,2022-10,2022,0.87,0.8,0.55
Brazil,215313504,473102959,187385670,172340199,118811893,2022-10-30,2022-10,2022,0.87,0.8,0.55
Brazil,215313504,473103001,187385670,172340241,118811893,2022-10-31,2022-10,2022,0.87,0.8,0.55
Brazil,215313504,473103290,187385670,172340530,118811893,2022-11-01,2022-11,2022,0.87,0.8,0.55
Brazil,215313504,473103553,187385670,172340793,118811893,2022-11-02,2022-11,2022,0.87,0.8,0.55
Brazil,215313504,473103553,187385670,172340793,118811893,2022-11-03,2022-11,2022,0.87,0.8,0.55
Brazil,215313504,473115692,187397453,172341149,118811893,2022-11-04,2022-11,2022,0.87,0.8,0.55
Brazil,215313504,473115692,187397453,172341149,118811893,2022-11-05,2022-11,2022,0.87,0.8,0.55
Brazil,215313504,473115692,187397453,172341149,118811893,2022-11-06,2022-11,2022,0.87,0.8,0.55
Brazil,215313504,473115692,187397453,172341149,118811893,2022-11-07,2022-11,2022,0.87,0.8,0.55
Brazil,215313504,473115692,187397453,172341149,118811893,2022-11-08,2022-11,2022,0.87,0.8,0.55
Brazil,215313504,473119948,187399523,172343335,118811893,2022-11-09,2022-11,2022,0.87,0.8,0.55
Brazil,215313504,473119948,187399523,172343335,118811893,2022-11-10,2022-11,2022,0.87,0.8,0.55
Brazil,215313504,473127683,187399523,172351070,118811893,2022-11-11,2022-11,2022,0.87,0.8,0.55
Brazil,215313504,473127683,187399523,172351070,118811893,2022-11-12,2022-11,2022,0.87,0.8,0.55
Brazil,215313504,473127683,187399523,172351070,118811893,2022-11-13,2022-11,2022,0.87,0.8,0.55
Brazil,215313504,473133683,187399523,172357070,118811893,2022-11-14,2022-11,2022,0.87,0.8,0.55
Brazil,215313504,473133683,187399523,172357070,118811893,2022-11-15,2022-11,2022,0.87,0.8,0.55
Brazil,215313504,473450995,187678650,172674382,118811893,2022-11-16,2022-11,2022,0.87,0.8,0.55
Brazil,215313504,473450995,187678650,172674382,118811893,2022-11-17,2022-11,2022,0.87,0.8,0.55
Brazil,215313504,473453404,187678650,172676791,118811893,2022-11-18,2022-11,2022,0.87,0.8,0.55
Brazil,215313504,473453735,187678650,172677122,118811893,2022-11-19,2022-11,2022,0.87,0.8,0.55
Brazil,215313504,473453818,187678650,172677205,118811893,2022-11-20,2022-11,2022,0.87,0.8,0.55
Brazil,215313504,473458939,187678650,172682326,118811893,2022-11-21,2022-11,2022,0.87,0.8,0.55
Brazil,215313504,473459277,187678650,172682664,118811893,2022-11-22,2022-11,2022,0.87,0.8,0.55
Brazil,215313504,473459811,187678650,172683198,118811893,2022-11-23,2022-11,2022,0.87,0.8,0.55
Brazil,215313504,473460865,187678650,172684252,118811893,2022-11-24,2022-11,2022,0.87,0.8,0.55
Brazil,215313504,473461002,187678650,172684389,118811893,2022-11-25,2022-11,2022,0.87,0.8,0.55
Brazil,215313504,473461305,187678650,172684692,118811893,2022-11-26,2022-11,2022,0.87,0.8,0.55
Brazil,215313504,473461456,187678650,172684843,118811893,2022-11-27,2022-11,2022,0.87,0.8,0.55
Brazil,215313504,473461456,187678650,172684843,118811893,2022-11-28,2022-11,2022,0.87,0.8,0.55
Brazil,215313504,474619417,187998595,173191813,119148165,2022-11-29,2022-11,2022,0.87,0.8,0.55
Brazil,215313504,476264691,188048984,174139720,119795266,2022-11-30,2022-11,2022,0.87,0.81,0.56
Brazil,215313504,476316566,188065384,174150762,119819824,2022-12-01,2022-12,2022,0.87,0.81,0.56
Brazil,215313504,476316566,188065384,174150762,119819824,2022-12-02,2022-12,2022,0.87,0.81,0.56
Brazil,215313504,476352286,188075040,174161480,119835261,2022-12-03,2022-12,2022,0.87,0.81,0.56
Brazil,215313504,476359177,188077016,174163073,119838587,2022-12-04,2022-12,2022,0.87,0.81,0.56
Brazil,215313504,476384113,188083919,174169937,119849894,2022-12-05,2022-12,2022,0.87,0.81,0.56
Brazil,215313504,476384113,188083919,174169937,119849894,2022-12-06,2022-12,2022,0.87,0.81,0.56
Brazil,215313504,476451791,188104952,174189194,119877431,2022-12-07,2022-12,2022,0.87,0.81,0.56
Brazil,215313504,476451791,188104952,174189194,119877431,2022-12-08,2022-12,2022,0.87,0.81,0.56
Brazil,215313504,476477130,188112150,174195474,119889347,2022-12-09,2022-12,2022,0.87,0.81,0.56
Brazil,215313504,476491315,188116781,174199933,119894453,2022-12-10,2022-12,2022,0.87,0.81,0.56
Brazil,215313504,476495347,188118034,174201163,119896005,2022-12-11,2022-12,2022,0.87,0.81,0.56
Brazil,215313504,476523713,188125449,174209162,119909103,2022-12-12,2022-12,2022,0.87,0.81,0.56
Brazil,215313504,476548450,188132532,174215643,119920369,2022-12-13,2022-12,2022,0.87,0.81,0.56
Brazil,215313504,476548450,188132532,174215643,119920369,2022-12-14,2022-12,2022,0.87,0.81,0.56
Brazil,215313504,476553058,188133937,174217198,119922031,2022-12-15,2022-12,2022,0.87,0.81,0.56
Brazil,215313504,478100116,188305261,174499766,121019139,2022-12-16,2022-12,2022,0.87,0.81,0.56
Brazil,215313504,478131210,188309744,174505214,121040358,2022-12-17,2022-12,2022,0.87,0.81,0.56
Brazil,215313504,480155675,188522819,174847762,122517026,2022-12-18,2022-12,2022,0.88,0.81,0.57
Brazil,215313504,480155675,188522819,174847762,122517026,2022-12-19,2022-12,2022,0.88,0.81,0.57
Brazil,215313504,480187165,188527208,174854224,122537709,2022-12-20,2022-12,2022,0.88,0.81,0.57
Brazil,215313504,480187165,188527208,174854224,122537709,2022-12-21,2022-12,2022,0.88,0.81,0.57
Brazil,215313504,480215327,188531378,174859213,122556750,2022-12-22,2022-12,2022,0.88,0.81,0.57
Brazil,215313504,480216368,188531674,174859958,122556750,2022-12-23,2022-12,2022,0.88,0.81,0.57
Brazil,215313504,480272969,188540709,174869845,122594536,2022-12-24,2022-12,2022,0.88,0.81,0.57
Brazil,215313504,480288516,188543080,174872899,122604684,2022-12-25,2022-12,2022,0.88,0.81,0.57
Brazil,215313504,480291721,188543313,174873775,122606791,2022-12-26,2022-12,2022,0.88,0.81,0.57
Brazil,215313504,480310839,188549744,174881292,122616211,2022-12-27,2022-12,2022,0.88,0.81,0.57
Brazil,215313504,480310839,188549744,174881292,122616211,2022-12-28,2022-12,2022,0.88,0.81,0.57
Brazil,215313504,480331769,188552661,174886102,122629436,2022-12-29,2022-12,2022,0.88,0.81,0.57
Brazil,215313504,480332769,188553047,174886846,122629436,2022-12-30,2022-12,2022,0.88,0.81,0.57
Brazil,215313504,480333910,188553932,174887915,122629436,2022-12-31,2022-12,2022,0.88,0.81,0.57
Brazil,215313504,480333982,188553963,174887956,122629436,2023-01-01,2023-01,2023,0.88,0.81,0.57
